氏名,購入金額
061027bd9eb2c1109262ceb6b7067cd71a1811ecc2844d828acacf5555a738f9,5818
0d60d878da37366d7d67f103569520b03a6fcde49a2963a1997bea5b6b9b7b40,4823
0f8d4726fc84296eef6d8a9dbf631cb978caecd759a1582215200f98d8b82e9a,8896
15416e267a8fb81d36a34c02f84d3efefeaac0f5d085a7446555bba32f42e6ba,29026
1a6c9503a1f518faec9891fed43e0228b1d76404486a1d904b73b6b8ef8ea032,23149
51659db65801946f4a3e3f234eb74f240dd2181ee0da7fbe4a44c540835d206c,5723
5a33912e5b3a3fa4f7b53018bfbc1ef798a552bf06b7c1aad023029153d194f6,24506
7738026cec1b844dcfa4b4f3f1fc7d5f701a1d0d8a2a324393c237242035c395,5712
a92e8099c51126ed4fca5aaf2af7c75f2b0cafddc4c5f0212003f90730a861aa,9452
eb66958f326a9af36991ec95354166af27538088fba9f6408d4461b3235540c4,1022
